id;address;new_address;match
ide;libelle1;;False
1;RUE DU BEL AIR;RUE DU BEL AIR;True
2;RUE DES BARTOUX;RUE DES BARTOUX;True
3;RUE BEAUSEJOUR;RUE BEAUSEJOUR;True
4;AVENUE DE BELLEVUE;;False
5;RUE DE BELLEVUE;RUE DE BELLEVUE;True
6;AV PROFESSEUR LEON BERNARD;;False
7;RUE PAUL BERT;RUE PAUL BERT;True
8;RUE DES BOCHOUX;RUE DES BOCHOUX;True
9;RUE CLAUDE BURGOD;RUE CLAUDE BURGOD;True
10;IMPASSE DU CALVAIRE;;False
11;RUE DU CALVAIRE;RUE DU CALVAIRE;True
12;RUE HUBERT CHARPENTIER;RUE HUBERT CHARPENTIER;True
13;RUE DES CHENES;RUE DES CHENES;True
14;IMPASSE DES CHERCHEVETS;IMPASSE DES CHERCHEVETS;True
15;RUE DES CHERCHEVETS;RUE DES CHERCHEVETS;True
16;RUE DES CHEVREMONTS;RUE DES CHEVREMONTS;True
17;RUE EMILIEN COLIN;RUE EMILIEN COLIN;True
18;RUE DES COTTAGES;RUE DES COTTAGES;True
19;RUE JACQUES DECOUR;RUE JACQUES DECOUR;True
20;RUE MAURICE PAYRET DORTAIL;RUE MAURICE PAYRET DORTAIL;True
21;RUE GUILLEMETTE FAUSSART;RUE GUILLEMETTE FAUSSART;True
22;RUE DU FECHERAY;RUE DU FECHERAY;True
23;CARR DES PATRIOTES FUSILLES;;False
24;RUE HUCHE;RUE HUCHE;True
25;RUE VICTOR HUGO;RUE VICTOR HUGO;True
26;ALLEE DES JONQUILLES;ALLEE DES JONQUILLES;True
27;PLACE MARCEL LEGRAS;PLACE MARCEL LEGRAS;True
28;RUE GUILLAUME LENOIR;RUE GUILLAUME LENOIR;True
29;RUE LEROY;RUE LEROY;True
30;RUE DE LA LIBERTE;RUE DE LA LIBERTE;True
31;CHEMIN DE LA LIBERTE;CHEMIN DE LA LIBERTE;True
32;ALLEE DES MYOSOTIS;ALLEE DES MYOSOTIS;True
33;RUE DES PARECHAUX;RUE DES PARECHAUX;True
34;RUE DES PARIGOTS;RUE DES PARIGOTS;True
35;RUE DES PAVILLONS;RUE DES PAVILLONS;True
36;RUE GABRIEL PHILIPPE;RUE GABRIEL PHILIPPE;True
37;CHEMIN DES PONEYS;CHEMIN DES PONEYS;True
38;RTE DES FUSILLES DE LA RESIS;;False
39;AVENUE FRANKLIN ROOSEVELT;AVENUE FRANKLIN ROOSEVELT;True
40;RUE ROGER SALENGRO;RUE ROGER SALENGRO;True
41;VILLA DE LA STATION;VILLA DE LA STATION;True
42;RUE DE LA TERRASSE;RUE DE LA TERRASSE;True
43;ALLEE DES VIOLETTES;ALLEE DES VIOLETTES;True
44;BOULEVARD WASHINGTON;BOULEVARD WASHINGTON;True
45;RUE DU BEL AIR;RUE DU BEL AIR;True
46;RUE DES BARTOUX;RUE DES BARTOUX;True
47;RUE BEAUSEJOUR;RUE BEAUSEJOUR;True
48;AVENUE DE BELLEVUE;;False
49;RUE DE BELLEVUE;RUE DE BELLEVUE;True
50;AV PROFESSEUR LEON BERNARD;;False
51;RUE PAUL BERT;RUE PAUL BERT;True
52;RUE DES BOCHOUX;RUE DES BOCHOUX;True
53;RUE CLAUDE BURGOD;RUE CLAUDE BURGOD;True
54;RUE DU CALVAIRE;RUE DU CALVAIRE;True
55;IMPASSE DU CALVAIRE;;False
56;RUE HUBERT CHARPENTIER;RUE HUBERT CHARPENTIER;True
57;RUE DES CHENES;RUE DES CHENES;True
58;IMPASSE DES CHERCHEVETS;IMPASSE DES CHERCHEVETS;True
59;RUE DES CHERCHEVETS;RUE DES CHERCHEVETS;True
60;RUE DES CHEVREMONTS;RUE DES CHEVREMONTS;True
61;RUE EMILIEN COLIN;RUE EMILIEN COLIN;True
62;RUE DES COTTAGES;RUE DES COTTAGES;True
63;RUE JACQUES DECOUR;RUE JACQUES DECOUR;True
64;RUE MAURICE PAYRET DORTAIL;RUE MAURICE PAYRET DORTAIL;True
65;RUE GUILLEMETTE FAUSSART;RUE GUILLEMETTE FAUSSART;True
66;RUE DU FECHERAY;RUE DU FECHERAY;True
67;CARR DES PATRIOTES FUSILLES;;False
68;RUE HUCHE;RUE HUCHE;True
69;RUE VICTOR HUGO;RUE VICTOR HUGO;True
70;ALLEE DES JONQUILLES;ALLEE DES JONQUILLES;True
71;PLACE MARCEL LEGRAS;PLACE MARCEL LEGRAS;True
72;RUE GUILLAUME LENOIR;RUE GUILLAUME LENOIR;True
73;RUE LEROY;RUE LEROY;True
74;RUE DE LA LIBERTE;RUE DE LA LIBERTE;True
75;CHEMIN DE LA LIBERTE;CHEMIN DE LA LIBERTE;True
76;ALLEE DES MYOSOTIS;ALLEE DES MYOSOTIS;True
77;RUE DES PARECHAUX;RUE DES PARECHAUX;True
78;RUE DES PARIGOTS;RUE DES PARIGOTS;True
79;RUE DES PAVILLONS;RUE DES PAVILLONS;True
80;RUE GABRIEL PHILIPPE;RUE GABRIEL PHILIPPE;True
81;CHEMIN DES PONEYS;CHEMIN DES PONEYS;True
82;RTE DES FUSILLES DE LA RESIS;;False
83;AVENUE FRANKLIN ROOSEVELT;AVENUE FRANKLIN ROOSEVELT;True
84;RUE ROGER SALENGRO;RUE ROGER SALENGRO;True
85;VILLA DE LA STATION;VILLA DE LA STATION;True
86;RUE DE LA TERRASSE;RUE DE LA TERRASSE;True
87;ALLEE DES VIOLETTES;ALLEE DES VIOLETTES;True
88;BOULEVARD WASHINGTON;BOULEVARD WASHINGTON;True
89;RUE CURIE;RUE CURIE;True
90;RUE EMILE DUCLAUX;RUE EMILE DUCLAUX;True
91;RUE GUSTAVE FLOURENS;RUE GUSTAVE FLOURENS;True
92;AVENUE JUSTIN GODART;AVENUE JUSTIN GODART;True
93;PLACE DE KEIGHLEY;;False
94;RUE ROUGET DE LISLE;RUE ROUGET DE LISLE;True
95;RUE BENOIT MALON;RUE BENOIT MALON;True
96;RUE MICHELET;RUE MICHELET;True
97;RUE EDOUARD NIEUPORT;RUE EDOUARD NIEUPORT;True
98;RUE PAGES;RUE PAGES;True
99;AVENUE GEORGES POMPIDOU;AVENUE GEORGES POMPIDOU;True
100;RUE DU RATRAIT;RUE DU RATRAIT;True
101;RUE DU COMMANDANT RIVIERE;RUE DU COMMANDANT RIVIERE;True
102;RUE DES BAS ROGERS;RUE DES BAS ROGERS;True
103;AVENUE SISLEY;AVENUE SISLEY;True
104;RUE DE VERDUN;RUE DE VERDUN;True
105;RUE CURIE;RUE CURIE;True
106;RUE EMILE DUCLAUX;RUE EMILE DUCLAUX;True
107;RUE GUSTAVE FLOURENS;RUE GUSTAVE FLOURENS;True
108;AVENUE JUSTIN GODART;AVENUE JUSTIN GODART;True
109;PLACE DE KEIGHLEY;;False
110;RUE ROUGET DE LISLE;RUE ROUGET DE LISLE;True
111;RUE BENOIT MALON;RUE BENOIT MALON;True
112;RUE MICHELET;RUE MICHELET;True
113;RUE EDOUARD NIEUPORT;RUE EDOUARD NIEUPORT;True
114;RUE PAGES;RUE PAGES;True
115;AVENUE GEORGES POMPIDOU;AVENUE GEORGES POMPIDOU;True
116;RUE DU RATRAIT;RUE DU RATRAIT;True
117;RUE DU COMMANDANT RIVIERE;RUE DU COMMANDANT RIVIERE;True
118;RUE DES BAS ROGERS;RUE DES BAS ROGERS;True
119;AVENUE SISLEY;AVENUE SISLEY;True
120;RUE DE VERDUN;RUE DE VERDUN;True
121;RUE CARNOT;RUE CARNOT;True
122;RUE GAMBETTA;RUE GAMBETTA;True
123;RUE GARDENAT LAPOSTOL;RUE GARDENAT LAPOSTOL;True
124;RUE JEAN MACE;RUE JEAN MACE;True
125;RUE D ESTIENNE D ORVES;;False
126;RUE DES PUITS;RUE DES PUITS;True
127;RUE DE VERDUN;RUE DE VERDUN;True
128;RUE CARNOT;RUE CARNOT;True
129;RUE GAMBETTA;RUE GAMBETTA;True
130;RUE GARDENAT LAPOSTOL;RUE GARDENAT LAPOSTOL;True
131;RUE JEAN MACE;RUE JEAN MACE;True
132;RUE D ESTIENNE D ORVES;;False
133;RUE DES PUITS;RUE DES PUITS;True
134;RUE DE VERDUN;RUE DE VERDUN;True
135;QUAI GALLIENI;QUAI GALLIENI;True
136;AVENUE JUSTIN GODART;AVENUE JUSTIN GODART;True
137;RUE BENOIT MALON;RUE BENOIT MALON;True
138;RUE EDOUARD NIEUPORT;RUE EDOUARD NIEUPORT;True
139;RUE PAGES;RUE PAGES;True
140;AVENUE GEORGES POMPIDOU;AVENUE GEORGES POMPIDOU;True
141;RUE DU COMMANDANT RIVIERE;RUE DU COMMANDANT RIVIERE;True
142;RUE LEDRU ROLLIN;RUE LEDRU ROLLIN;True
143;RUE SALOMON DE ROTHSCHILD;RUE SALOMON DE ROTHSCHILD;True
144;AVENUE SISLEY;AVENUE SISLEY;True
145;QUAI GALLIENI;QUAI GALLIENI;True
146;AVENUE JUSTIN GODART;AVENUE JUSTIN GODART;True
147;RUE BENOIT MALON;RUE BENOIT MALON;True
148;RUE EDOUARD NIEUPORT;RUE EDOUARD NIEUPORT;True
149;RUE PAGES;RUE PAGES;True
150;AVENUE GEORGES POMPIDOU;AVENUE GEORGES POMPIDOU;True
151;RUE DU COMMANDANT RIVIERE;RUE DU COMMANDANT RIVIERE;True
152;RUE LEDRU ROLLIN;RUE LEDRU ROLLIN;True
153;RUE SALOMON DE ROTHSCHILD;RUE SALOMON DE ROTHSCHILD;True
154;AVENUE SISLEY;AVENUE SISLEY;True
155;RUE CHEVREUL;RUE CHEVREUL;True
156;PASSAGE DES PETITS CLOS;PASSAGE DES PETITS CLOS;True
157;IMPASSE DES PETITS CLOS;IMPASSE DES PETITS CLOS;True
158;PASSAGE DES CLOSEAUX;;False
159;RUE DES COUVALOUX;RUE DES COUVALOUX;True
160;RUE PIERRE DUPONT;RUE PIERRE DUPONT;True
161;RUE FERNAND FOREST;RUE FERNAND FOREST;True
162;RUE GARIBALDI;RUE GARIBALDI;True
163;AVENUE DU MARECHAL JUIN;AVENUE DU MARECHAL JUIN;True
164;PASSAGE PIERRE LOTI;PASSAGE PIERRE LOTI;True
165;RUE DES MOULINEAUX;RUE DES MOULINEAUX;True
166;PASSAGE DU VAL D OR;;False
167;RUE DU VAL D OR;;False
168;RUE HENRI REGNAULT;RUE HENRI REGNAULT;True
169;RUE JEAN JACQUES ROUSSEAU;;False
170;RUE DE SAINT CLOUD;;False
171;BOULEVARD HENRI SELLIER;BOULEVARD HENRI SELLIER;True
172;RUE DE SEVRES;RUE DE SEVRES;True
173;RUE DE L AMIRAL WILLAUMEZ;;False
174;RUE CHEVREUL;RUE CHEVREUL;True
175;PASSAGE DES PETITS CLOS;PASSAGE DES PETITS CLOS;True
176;IMPASSE DES PETITS CLOS;IMPASSE DES PETITS CLOS;True
177;PASSAGE DES CLOSEAUX;;False
178;RUE DES COUVALOUX;RUE DES COUVALOUX;True
179;RUE PIERRE DUPONT;RUE PIERRE DUPONT;True
180;RUE FERNAND FOREST;RUE FERNAND FOREST;True
181;RUE GARIBALDI;RUE GARIBALDI;True
182;AVENUE DU MARECHAL JUIN;AVENUE DU MARECHAL JUIN;True
183;PASSAGE PIERRE LOTI;PASSAGE PIERRE LOTI;True
184;RUE DES MOULINEAUX;RUE DES MOULINEAUX;True
185;RUE DU VAL D OR;;False
186;PASSAGE DU VAL D OR;;False
187;RUE HENRI REGNAULT;RUE HENRI REGNAULT;True
188;RUE JEAN JACQUES ROUSSEAU;;False
189;RUE DE SAINT CLOUD;;False
190;BOULEVARD HENRI SELLIER;BOULEVARD HENRI SELLIER;True
191;RUE DE SEVRES;RUE DE SEVRES;True
192;RUE DE L AMIRAL WILLAUMEZ;;False
193;ALLEE DES BERGERONNETTES;ALLEE DES BERGERONNETTES;True
194;RUE DES TERRES BLANCHES;RUE DES TERRES BLANCHES;True
195;RUE DU CALVAIRE;RUE DU CALVAIRE;True
196;RUE DES CARRIERES;RUE DES CARRIERES;True
197;RUE DE LA CERISAIE;RUE DE LA CERISAIE;True
198;RUE CLUSERET;RUE CLUSERET;True
199;AVENUE DE LA CRIOLLA;AVENUE DE LA CRIOLLA;True
200;RUE VICTOR DIEDERICH;RUE VICTOR DIEDERICH;True
201;RUE ARTHEME GENTEUR;RUE ARTHEME GENTEUR;True
202;IMP SOMMELIERS DE LA GROUE;;False
203;CHEMIN DES HOCQUETTES;CHEMIN DES HOCQUETTES;True
204;DOMAINE DES HOCQUETTES;DOMAINE DES HOCQUETTES;True
205;AVENUE DES LANDES;AVENUE DES LANDES;True
206;ALLEE DES LILAS;ALLEE DES LILAS;True
207;RUE DE LA GARE DE LONGCHAMP;;False
208;GARE SURESNES LONGCHAMP;;False
209;CHEMIN DE LA MOTTE;CHEMIN DE LA MOTTE;True
210;RUE DES NOUVELLES;RUE DES NOUVELLES;True
211;ALLEE DES OLIVIERS;ALLEE DES OLIVIERS;True
212;PASSAGE DU PANORAMA;;False
213;RUE DU PAS SAINT MAURICE;;False
214;ALLEE DE LA PEPINIERE;ALLEE DE LA PEPINIERE;True
215;RUE DU POINT HAUT;RUE DU POINT HAUT;True
216;RUE DE LA PROCESSION;RUE DE LA PROCESSION;True
217;RUE DES RAGUIDELLES;RUE DES RAGUIDELLES;True
218;RUE DES BONS RAISINS;RUE DES BONS RAISINS;True
219;RUE DESBASSAYNS DE RICHEMONT;RUE DESBASSAYNS DE RICHEMONT;True
220;CHEMIN DES ROSES;CHEMIN DES ROSES;True
221;RUE DU DOCTEUR EMILE ROUX;RUE DU DOCTEUR EMILE ROUX;True
222;IMPASSE SAINT MAURICE;;False
223;BOULEVARD HENRI SELLIER;BOULEVARD HENRI SELLIER;True
224;ALLEE DU BEAU SITE;;False
225;BD MARECHAL DE LATTRE DE TASS;;False
226;RUE DU TERTRE;RUE DU TERTRE;True
227;AV DE LA FONTAINE DU TERTRE;;False
228;RUE DES TOURNEROCHES;RUE DES TOURNEROCHES;True
229;RUE DE LA TUILERIE;RUE DE LA TUILERIE;True
230;IMPASSE DES VIGNERONS;IMPASSE DES VIGNERONS;True
231;RUE DES VIGNES;RUE DES VIGNES;True
232;RUE WORTH;RUE WORTH;True
233;ALLEE DES BERGERONNETTES;ALLEE DES BERGERONNETTES;True
234;RUE DES TERRES BLANCHES;RUE DES TERRES BLANCHES;True
235;RUE DU CALVAIRE;RUE DU CALVAIRE;True
236;RUE DES CARRIERES;RUE DES CARRIERES;True
237;RUE DE LA CERISAIE;RUE DE LA CERISAIE;True
238;RUE CLUSERET;RUE CLUSERET;True
239;AVENUE DE LA CRIOLLA;AVENUE DE LA CRIOLLA;True
240;RUE VICTOR DIEDERICH;RUE VICTOR DIEDERICH;True
241;RUE ARTHEME GENTEUR;RUE ARTHEME GENTEUR;True
242;IMP SOMMELIERS DE LA GROUE;;False
243;CHEMIN DES HOCQUETTES;CHEMIN DES HOCQUETTES;True
244;DOMAINE DES HOCQUETTES;DOMAINE DES HOCQUETTES;True
245;AVENUE DES LANDES;AVENUE DES LANDES;True
246;ALLEE DES LILAS;ALLEE DES LILAS;True
247;GARE SURESNES LONGCHAMP;;False
248;RUE DE LA GARE DE LONGCHAMP;;False
249;CHEMIN DE LA MOTTE;CHEMIN DE LA MOTTE;True
250;RUE DES NOUVELLES;RUE DES NOUVELLES;True
251;ALLEE DES OLIVIERS;ALLEE DES OLIVIERS;True
252;PASSAGE DU PANORAMA;;False
253;RUE DU PAS SAINT MAURICE;;False
254;ALLEE DE LA PEPINIERE;ALLEE DE LA PEPINIERE;True
255;RUE DU POINT HAUT;RUE DU POINT HAUT;True
256;RUE DE LA PROCESSION;RUE DE LA PROCESSION;True
257;RUE DES RAGUIDELLES;RUE DES RAGUIDELLES;True
258;RUE DES BONS RAISINS;RUE DES BONS RAISINS;True
259;RUE DESBASSAYNS DE RICHEMONT;RUE DESBASSAYNS DE RICHEMONT;True
260;CHEMIN DES ROSES;CHEMIN DES ROSES;True
261;RUE DU DOCTEUR EMILE ROUX;RUE DU DOCTEUR EMILE ROUX;True
262;IMPASSE SAINT MAURICE;;False
263;BOULEVARD HENRI SELLIER;BOULEVARD HENRI SELLIER;True
264;ALLEE DU BEAU SITE;;False
265;BD MARECHAL DE LATTRE DE TASS;;False
266;RUE DU TERTRE;RUE DU TERTRE;True
267;AV DE LA FONTAINE DU TERTRE;;False
268;RUE DES TOURNEROCHES;RUE DES TOURNEROCHES;True
269;RUE DE LA TUILERIE;RUE DE LA TUILERIE;True
270;IMPASSE DES VIGNERONS;IMPASSE DES VIGNERONS;True
271;RUE DES VIGNES;RUE DES VIGNES;True
272;RUE WORTH;RUE WORTH;True
273;RUE GEORGES APPAY;RUE GEORGES APPAY;True
274;RUE LOUIS BLERIOT;;False
275;QUAI LEON BLUM;QUAI LEON BLUM;True
276;RUE CHEVREUL;RUE CHEVREUL;True
277;RUE FREDERIC CLAVEL;RUE FREDERIC CLAVEL;True
278;QUAI MARCEL DASSAULT;QUAI MARCEL DASSAULT;True
279;RUE PIERRE DUPONT;RUE PIERRE DUPONT;True
280;AVENUE DU MARECHAL JUIN;AVENUE DU MARECHAL JUIN;True
281;ALLEE DE LONGCHAMP;ALLEE DE LONGCHAMP;True
282;RUE DU DOCTEUR MAGNAN;RUE DU DOCTEUR MAGNAN;True
283;RUE DES MEUNIERS;RUE DES MEUNIERS;True
284;RUE MARCEL MONGE;RUE MARCEL MONGE;True
285;RUE DU VAL D OR;;False
286;RUE PASTEUR;RUE PASTEUR;True
287;RUE DE LA REPUBLIQUE;RUE DE LA REPUBLIQUE;True
288;PLACE DE LA REPUBLIQUE;PLACE DE LA REPUBLIQUE;True
289;RUE JEAN JACQUES ROUSSEAU;;False
290;RUE DE SAINT CLOUD;;False
291;BOULEVARD HENRI SELLIER;BOULEVARD HENRI SELLIER;True
292;PLACE EUGENE SUE;;False
293;RUE DU CHEMIN VERT;RUE DU CHEMIN VERT;True
294;RUE GEORGES APPAY;RUE GEORGES APPAY;True
295;RUE LOUIS BLERIOT;;False
296;QUAI LEON BLUM;QUAI LEON BLUM;True
297;RUE CHEVREUL;RUE CHEVREUL;True
298;RUE FREDERIC CLAVEL;RUE FREDERIC CLAVEL;True
299;QUAI MARCEL DASSAULT;QUAI MARCEL DASSAULT;True
300;RUE PIERRE DUPONT;RUE PIERRE DUPONT;True
301;AVENUE DU MARECHAL JUIN;AVENUE DU MARECHAL JUIN;True
302;ALLEE DE LONGCHAMP;ALLEE DE LONGCHAMP;True
303;RUE DU DOCTEUR MAGNAN;RUE DU DOCTEUR MAGNAN;True
304;RUE DES MEUNIERS;RUE DES MEUNIERS;True
305;RUE MARCEL MONGE;RUE MARCEL MONGE;True
306;RUE DU VAL D OR;;False
307;RUE PASTEUR;RUE PASTEUR;True
308;RUE DE LA REPUBLIQUE;RUE DE LA REPUBLIQUE;True
309;PLACE DE LA REPUBLIQUE;PLACE DE LA REPUBLIQUE;True
310;RUE JEAN JACQUES ROUSSEAU;;False
311;RUE DE SAINT CLOUD;;False
312;BOULEVARD HENRI SELLIER;BOULEVARD HENRI SELLIER;True
313;PLACE EUGENE SUE;;False
314;RUE DU CHEMIN VERT;RUE DU CHEMIN VERT;True
315;RUE DU CHEVALIER DE LA BARRE;RUE DU CHEVALIER DE LA BARRE;True
316;RUE PAUL BERT;RUE PAUL BERT;True
317;ALLEE DES BOCHOUX;ALLEE DES BOCHOUX;True
318;RUE DES CHENES;RUE DES CHENES;True
319;RUE DANTON;RUE DANTON;True
320;ALLEE SANTOS DUMONT;ALLEE SANTOS DUMONT;True
321;RUE DU CAPITAINE FERBER;RUE DU CAPITAINE FERBER;True
322;ALLEE DES MOUETTES;ALLEE DES MOUETTES;True
323;RUE DU PR LOUIS RENE NOUGIER;;False
324;RUE DE LA PASSERELLE;RUE DE LA PASSERELLE;True
325;ALLEE DES PINSONS;ALLEE DES PINSONS;True
326;ALLEE DES PRIMEVERES;ALLEE DES PRIMEVERES;True
327;PLACE DU RATRAIT;PLACE DU RATRAIT;True
328;RUE DES BAS ROGERS;RUE DES BAS ROGERS;True
329;ALLEE DES ROSES;ALLEE DES ROSES;True
330;RUE ROGER SALENGRO;RUE ROGER SALENGRO;True
331;SQUARE DES TOURTERELLES;SQUARE DES TOURTERELLES;True
332;RUE VOLTAIRE;RUE VOLTAIRE;True
333;RUE DU CHEVALIER DE LA BARRE;RUE DU CHEVALIER DE LA BARRE;True
334;RUE PAUL BERT;RUE PAUL BERT;True
335;ALLEE DES BOCHOUX;ALLEE DES BOCHOUX;True
336;RUE DES CHENES;RUE DES CHENES;True
337;RUE DANTON;RUE DANTON;True
338;ALLEE SANTOS DUMONT;ALLEE SANTOS DUMONT;True
339;RUE DU CAPITAINE FERBER;RUE DU CAPITAINE FERBER;True
340;ALLEE DES MOUETTES;ALLEE DES MOUETTES;True
341;RUE DU PR LOUIS RENE NOUGIER;;False
342;RUE DE LA PASSERELLE;RUE DE LA PASSERELLE;True
343;ALLEE DES PINSONS;ALLEE DES PINSONS;True
344;ALLEE DES PRIMEVERES;ALLEE DES PRIMEVERES;True
345;PLACE DU RATRAIT;PLACE DU RATRAIT;True
346;RUE DES BAS ROGERS;RUE DES BAS ROGERS;True
347;ALLEE DES ROSES;ALLEE DES ROSES;True
348;RUE ROGER SALENGRO;RUE ROGER SALENGRO;True
349;SQUARE DES TOURTERELLES;SQUARE DES TOURTERELLES;True
350;RUE VOLTAIRE;RUE VOLTAIRE;True
351;RUE CARNOT;RUE CARNOT;True
352;ALLEE LOUIS CHEVROLET;ALLEE LOUIS CHEVROLET;True
353;ALLEE SANTOS DUMONT;ALLEE SANTOS DUMONT;True
354;RUE GAMBETTA;RUE GAMBETTA;True
355;RUE JEAN MACE;RUE JEAN MACE;True
356;RUE BENOIT MALON;RUE BENOIT MALON;True
357;ALLEE DES MIMOSAS;ALLEE DES MIMOSAS;True
358;RUE EDOUARD NIEUPORT;RUE EDOUARD NIEUPORT;True
359;PLACE DU RATRAIT;PLACE DU RATRAIT;True
360;RUE DU RATRAIT;RUE DU RATRAIT;True
361;RUE SALOMON DE ROTHSCHILD;RUE SALOMON DE ROTHSCHILD;True
362;RUE DES VELETTES;RUE DES VELETTES;True
363;RUE DE VERDUN;RUE DE VERDUN;True
364;RUE CARNOT;RUE CARNOT;True
365;ALLEE LOUIS CHEVROLET;ALLEE LOUIS CHEVROLET;True
366;ALLEE SANTOS DUMONT;ALLEE SANTOS DUMONT;True
367;RUE GAMBETTA;RUE GAMBETTA;True
368;RUE JEAN MACE;RUE JEAN MACE;True
369;RUE BENOIT MALON;RUE BENOIT MALON;True
370;ALLEE DES MIMOSAS;ALLEE DES MIMOSAS;True
371;RUE EDOUARD NIEUPORT;RUE EDOUARD NIEUPORT;True
372;PLACE DU RATRAIT;PLACE DU RATRAIT;True
373;RUE DU RATRAIT;RUE DU RATRAIT;True
374;RUE SALOMON DE ROTHSCHILD;RUE SALOMON DE ROTHSCHILD;True
375;RUE DES VELETTES;RUE DES VELETTES;True
376;RUE DE VERDUN;RUE DE VERDUN;True
377;PLACE DU PUITS D AMOUR;;False
378;ALLEE HAUTE VILLAGE ANGLAIS;;False
379;ALLEE BASSE VILLAGE ANGLAIS;;False
380;RUE DU BAC;RUE DU BAC;True
381;ALLEE DES RIVES DE BAGATELLE;ALLEE DES RIVES DE BAGATELLE;True
382;RUE BAUDIN;RUE BAUDIN;True
383;RUE BERTHELOT;RUE BERTHELOT;True
384;IMPASSE DES BOURETS;IMPASSE DES BOURETS;True
385;RUE DES BOURETS;RUE DES BOURETS;True
386;RUE CARNOT;RUE CARNOT;True
387;RUE DE LA CERISAIE;RUE DE LA CERISAIE;True
388;ESPLANADE JACQUES CHIRAC;ESPLANADE JACQUES CHIRAC;True
389;AVENUE DES CONFERENCES;;False
390;ESPLANADE DES COURTIEUX;;False
391;IMPASSE DU CYGNE;IMPASSE DU CYGNE;True
392;COUR DES DAMES;;False
393;RUE ALEXANDRE DARRACQ;RUE ALEXANDRE DARRACQ;True
394;RUE DIDEROT;RUE DIDEROT;True
395;RUE ETIENNE DOLET;RUE ETIENNE DOLET;True
396;ALLEE DES SEAUX D EAU;;False
397;ALLEE DE L ECLUSE;;False
398;RUE DU CLOS DES ERMITES;RUE DU CLOS DES ERMITES;True
399;ALLEE JULES FERRY;ALLEE JULES FERRY;True
400;RUE JULES FERRY;RUE JULES FERRY;True
401;RUE FIZEAU;RUE FIZEAU;True
402;RUE GUSTAVE FLOURENS;RUE GUSTAVE FLOURENS;True
403;IMPASSE DU FOUR;IMPASSE DU FOUR;True
404;ALLEE EDGARD FOURNIER;;False
405;PLACE EDGARD FOURNIER;;False
406;AV DE LA BELLE GABRIELLE;;False
407;QUAI GALLIENI;QUAI GALLIENI;True
408;RUE DE LA GAUCHERE;RUE DE LA GAUCHERE;True
409;AVENUE CHARLES DE GAULLE;;False
410;PLACE DE LA HUCHETTE;;False
411;PLACE HENRI IV;PLACE HENRI IV;True
412;ALLEE SCHEURER KESTNER;ALLEE SCHEURER KESTNER;True
413;RUE GARDENAT LAPOSTOL;RUE GARDENAT LAPOSTOL;True
414;PLACE DU GENERAL LECLERC;PLACE DU GENERAL LECLERC;True
415;COURS MADELEINE;COURS MADELEINE;True
416;ALLEE DES MARAICHERS;ALLEE DES MARAICHERS;True
417;RUE MELIN;;False
418;PLACE DU MOUTIER;PLACE DU MOUTIER;True
419;PLACE MARGUERITE NASEAU;PLACE MARGUERITE NASEAU;True
420;RUE D ESTIENNE D ORVES;;False
421;RUE CHARLES PEGUY;RUE CHARLES PEGUY;True
422;AVENUE GABRIEL PERI;AVENUE GABRIEL PERI;True
423;RUE PERRONET;RUE PERRONET;True
424;ALLEE DE L ANCIEN PONT;;False
425;PLACE DE LA PREVOTE;;False
426;RUE DESBASSAYNS DE RICHEMONT;RUE DESBASSAYNS DE RICHEMONT;True
427;RUE LEDRU ROLLIN;RUE LEDRU ROLLIN;True
428;AVENUE FRANKLIN ROOSEVELT;AVENUE FRANKLIN ROOSEVELT;True
429;PROMENADE SAINT LEUFROY;;False
430;IMPASSE CLOS DES SEIGNEURS;;False
431;BOULEVARD HENRI SELLIER;BOULEVARD HENRI SELLIER;True
432;ALLEE DES SOURCES;ALLEE DES SOURCES;True
433;RUE MERLIN DE THIONVILLE;RUE MERLIN DE THIONVILLE;True
434;RUE DU MONT VALERIEN;RUE DU MONT VALERIEN;True
435;ALLEE DE LA VENELLE;ALLEE DE LA VENELLE;True
436;RUE DE VERDUN;RUE DE VERDUN;True
437;RUE DU PORT AUX VINS;RUE DU PORT AUX VINS;True
438;PROMENADE DE L ABBAYE;;False
439;RUE EMILE ZOLA;RUE EMILE ZOLA;True
440;ALLEE DU 8 MAI 1945;ALLEE DU 8 MAI 1945;True
441;PLACE DU 8 MAI 1945;;False
442;PLACE DU PUITS D AMOUR;;False
443;ALLEE HAUTE VILLAGE ANGLAIS;;False
444;ALLEE BASSE VILLAGE ANGLAIS;;False
445;RUE DU BAC;RUE DU BAC;True
446;ALLEE DES RIVES DE BAGATELLE;ALLEE DES RIVES DE BAGATELLE;True
447;RUE BAUDIN;RUE BAUDIN;True
448;RUE BERTHELOT;RUE BERTHELOT;True
449;RUE DES BOURETS;RUE DES BOURETS;True
450;IMPASSE DES BOURETS;IMPASSE DES BOURETS;True
451;RUE CARNOT;RUE CARNOT;True
452;RUE DE LA CERISAIE;RUE DE LA CERISAIE;True
453;ESPLANADE JACQUES CHIRAC;ESPLANADE JACQUES CHIRAC;True
454;AVENUE DES CONFERENCES;;False
455;ESPLANADE DES COURTIEUX;;False
456;IMPASSE DU CYGNE;IMPASSE DU CYGNE;True
457;COUR DES DAMES;;False
458;RUE ALEXANDRE DARRACQ;RUE ALEXANDRE DARRACQ;True
459;RUE DIDEROT;RUE DIDEROT;True
460;RUE ETIENNE DOLET;RUE ETIENNE DOLET;True
461;ALLEE DES SEAUX D EAU;;False
462;ALLEE DE L ECLUSE;;False
463;RUE DU CLOS DES ERMITES;RUE DU CLOS DES ERMITES;True
464;RUE JULES FERRY;RUE JULES FERRY;True
465;ALLEE JULES FERRY;ALLEE JULES FERRY;True
466;RUE FIZEAU;RUE FIZEAU;True
467;RUE GUSTAVE FLOURENS;RUE GUSTAVE FLOURENS;True
468;IMPASSE DU FOUR;IMPASSE DU FOUR;True
469;PLACE EDGARD FOURNIER;;False
470;ALLEE EDGARD FOURNIER;;False
471;AV DE LA BELLE GABRIELLE;;False
472;QUAI GALLIENI;QUAI GALLIENI;True
473;RUE DE LA GAUCHERE;RUE DE LA GAUCHERE;True
474;AVENUE CHARLES DE GAULLE;;False
475;PLACE DE LA HUCHETTE;;False
476;PLACE HENRI IV;PLACE HENRI IV;True
477;ALLEE SCHEURER KESTNER;ALLEE SCHEURER KESTNER;True
478;RUE GARDENAT LAPOSTOL;RUE GARDENAT LAPOSTOL;True
479;PLACE DU GENERAL LECLERC;PLACE DU GENERAL LECLERC;True
480;COURS MADELEINE;COURS MADELEINE;True
481;ALLEE DES MARAICHERS;ALLEE DES MARAICHERS;True
482;RUE MELIN;;False
483;PLACE DU MOUTIER;PLACE DU MOUTIER;True
484;PLACE MARGUERITE NASEAU;PLACE MARGUERITE NASEAU;True
485;RUE D ESTIENNE D ORVES;;False
486;RUE CHARLES PEGUY;RUE CHARLES PEGUY;True
487;AVENUE GABRIEL PERI;AVENUE GABRIEL PERI;True
488;RUE PERRONET;RUE PERRONET;True
489;ALLEE DE L ANCIEN PONT;;False
490;PLACE DE LA PREVOTE;;False
491;RUE DESBASSAYNS DE RICHEMONT;RUE DESBASSAYNS DE RICHEMONT;True
492;RUE LEDRU ROLLIN;RUE LEDRU ROLLIN;True
493;AVENUE FRANKLIN ROOSEVELT;AVENUE FRANKLIN ROOSEVELT;True
494;PROMENADE SAINT LEUFROY;;False
495;IMPASSE CLOS DES SEIGNEURS;;False
496;BOULEVARD HENRI SELLIER;BOULEVARD HENRI SELLIER;True
497;ALLEE DES SOURCES;ALLEE DES SOURCES;True
498;RUE MERLIN DE THIONVILLE;RUE MERLIN DE THIONVILLE;True
499;RUE DU MONT VALERIEN;RUE DU MONT VALERIEN;True
500;ALLEE DE LA VENELLE;ALLEE DE LA VENELLE;True
501;RUE DE VERDUN;RUE DE VERDUN;True
502;RUE DU PORT AUX VINS;RUE DU PORT AUX VINS;True
503;PROMENADE DE L ABBAYE;;False
504;RUE EMILE ZOLA;RUE EMILE ZOLA;True
505;ALLEE DU 8 MAI 1945;ALLEE DU 8 MAI 1945;True
506;PLACE DU 8 MAI 1945;;False
507;ALLEE DES ACACIAS;ALLEE DES ACACIAS;True
508;RUE DES ACQUEVILLES;RUE DES ACQUEVILLES;True
509;ALLEE GEORGES BIZET;ALLEE GEORGES BIZET;True
510;RUE DU DOCTEUR MARC BOMBIGER;RUE DU DOCTEUR MARC BOMBIGER;True
511;RUE ALBERT CARON;RUE ALBERT CARON;True
512;ALLEE DES CITRONNIERS;ALLEE DES CITRONNIERS;True
513;RUE RAYMOND COSSON;RUE RAYMOND COSSON;True
514;ALLEE DES CYTISES;ALLEE DES CYTISES;True
515;RUE DES FLEURS;RUE DES FLEURS;True
516;AVENUE DE LA FOUILLEUSE;;False
517;ALLEE CHARLES GOUNOD;ALLEE CHARLES GOUNOD;True
518;PLACE DE LA HALLE;PLACE DE LA HALLE;True
519;RUE DE L HIPPODROME;;False
520;AVENUE JEAN JAURES;AVENUE JEAN JAURES;True
521;RUE LAKANAL;RUE LAKANAL;True
522;RUE DE LOCARNO;RUE DE LOCARNO;True
523;BOULEVARD LOUIS LOUCHEUR;BOULEVARD LOUIS LOUCHEUR;True
524;ALLEE JEAN BAPTISTE LULLY;;False
525;ALLEE DES MARRONNIERS;ALLEE DES MARRONNIERS;True
526;PLACE JEAN MASARYK;;False
527;RUE DE MONTRETOUT;RUE DE MONTRETOUT;True
528;RUE DES NOUVELLES;RUE DES NOUVELLES;True
529;ALLEE JACQUES OFFENBACH;ALLEE JACQUES OFFENBACH;True
530;ALLEE DES ORANGERS;ALLEE DES ORANGERS;True
531;ALLEE WILLIAM PENN;ALLEE WILLIAM PENN;True
532;ALLEE DES PLATANES;ALLEE DES PLATANES;True
533;RUE DE LA POTERIE;RUE DE LA POTERIE;True
534;RUE DE LA PROCESSION;RUE DE LA PROCESSION;True
535;ALLEE MAURICE RAVEL;ALLEE MAURICE RAVEL;True
536;CARREFOUR DE LA CROIX DU ROY;CARREFOUR DE LA CROIX DU ROY;True
537;ALLEE CAMILLE SAINT SAENS;;False
538;SENTE DES SORBIERS;SENTE DES SORBIERS;True
539;ALLEE DES TILLEULS;ALLEE DES TILLEULS;True
540;RUE DE LA TUILERIE;RUE DE LA TUILERIE;True
541;AVENUE EDOUARD VAILLANT;AVENUE EDOUARD VAILLANT;True
542;ALLEE DES ACACIAS;ALLEE DES ACACIAS;True
543;RUE DES ACQUEVILLES;RUE DES ACQUEVILLES;True
544;ALLEE GEORGES BIZET;ALLEE GEORGES BIZET;True
545;RUE DU DOCTEUR MARC BOMBIGER;RUE DU DOCTEUR MARC BOMBIGER;True
546;RUE ALBERT CARON;RUE ALBERT CARON;True
547;ALLEE DES CITRONNIERS;ALLEE DES CITRONNIERS;True
548;RUE RAYMOND COSSON;RUE RAYMOND COSSON;True
549;ALLEE DES CYTISES;ALLEE DES CYTISES;True
550;RUE DES FLEURS;RUE DES FLEURS;True
551;AVENUE DE LA FOUILLEUSE;;False
552;ALLEE CHARLES GOUNOD;ALLEE CHARLES GOUNOD;True
553;PLACE DE LA HALLE;PLACE DE LA HALLE;True
554;RUE DE L HIPPODROME;;False
555;AVENUE JEAN JAURES;AVENUE JEAN JAURES;True
556;RUE LAKANAL;RUE LAKANAL;True
557;RUE DE LOCARNO;RUE DE LOCARNO;True
558;BOULEVARD LOUIS LOUCHEUR;BOULEVARD LOUIS LOUCHEUR;True
559;ALLEE JEAN BAPTISTE LULLY;;False
560;ALLEE DES MARRONNIERS;ALLEE DES MARRONNIERS;True
561;PLACE JEAN MASARYK;;False
562;RUE DE MONTRETOUT;RUE DE MONTRETOUT;True
563;RUE DES NOUVELLES;RUE DES NOUVELLES;True
564;ALLEE JACQUES OFFENBACH;ALLEE JACQUES OFFENBACH;True
565;ALLEE DES ORANGERS;ALLEE DES ORANGERS;True
566;ALLEE WILLIAM PENN;ALLEE WILLIAM PENN;True
567;ALLEE DES PLATANES;ALLEE DES PLATANES;True
568;RUE DE LA POTERIE;RUE DE LA POTERIE;True
569;RUE DE LA PROCESSION;RUE DE LA PROCESSION;True
570;ALLEE MAURICE RAVEL;ALLEE MAURICE RAVEL;True
571;CARREFOUR DE LA CROIX DU ROY;CARREFOUR DE LA CROIX DU ROY;True
572;ALLEE CAMILLE SAINT SAENS;;False
573;SENTE DES SORBIERS;SENTE DES SORBIERS;True
574;ALLEE DES TILLEULS;ALLEE DES TILLEULS;True
575;RUE DE LA TUILERIE;RUE DE LA TUILERIE;True
576;AVENUE EDOUARD VAILLANT;AVENUE EDOUARD VAILLANT;True
577;RUE FRANCOIS BOUGAULT;RUE FRANCOIS BOUGAULT;True
578;AVENUE LEON BOURGEOIS;AVENUE LEON BOURGEOIS;True
579;BOULEVARD ARISTIDE BRIAND;BOULEVARD ARISTIDE BRIAND;True
580;ALLEE DES GROS BUISSONS;ALLEE DES GROS BUISSONS;True
581;SQUARE DE LA CONCORDE;SQUARE DE LA CONCORDE;True
582;AV D ESTOURNELLES DE CONSTANT;;False
583;RUE DU SYNDICAT DES CULTIVAT;;False
584;RUE FLORENT DANCOURT;RUE FLORENT DANCOURT;True
585;AVENUE DE LA FOUILLEUSE;;False
586;RUE GROTIUS;RUE GROTIUS;True
587;AVENUE JEAN JAURES;AVENUE JEAN JAURES;True
588;RUE ROBERT JOYEUX;RUE ROBERT JOYEUX;True
589;AVENUE EMMANUEL KANT;AVENUE EMMANUEL KANT;True
590;RUE KELLOG;;False
591;AVENUE ALEXANDRE MAISTRASSE;AVENUE ALEXANDRE MAISTRASSE;True
592;PLACE DE LA PAIX;PLACE DE LA PAIX;True
593;AVENUE DE L ABBE ST PIERRE;;False
594;PLACE DE STALINGRAD;PLACE DE STALINGRAD;True
595;AVENUE GUSTAVE STRESEMANN;AVENUE GUSTAVE STRESEMANN;True
596;AVENUE DE SULLY;AVENUE DE SULLY;True
597;AVENUE DU PRESIDENT WILSON;AVENUE DU PRESIDENT WILSON;True
598;RUE FRANCOIS BOUGAULT;RUE FRANCOIS BOUGAULT;True
599;AVENUE LEON BOURGEOIS;AVENUE LEON BOURGEOIS;True
600;BOULEVARD ARISTIDE BRIAND;BOULEVARD ARISTIDE BRIAND;True
601;ALLEE DES GROS BUISSONS;ALLEE DES GROS BUISSONS;True
602;SQUARE DE LA CONCORDE;SQUARE DE LA CONCORDE;True
603;AV D ESTOURNELLES DE CONSTANT;;False
604;RUE DU SYNDICAT DES CULTIVAT;;False
605;RUE FLORENT DANCOURT;RUE FLORENT DANCOURT;True
606;AVENUE DE LA FOUILLEUSE;;False
607;RUE GROTIUS;RUE GROTIUS;True
608;AVENUE JEAN JAURES;AVENUE JEAN JAURES;True
609;RUE ROBERT JOYEUX;RUE ROBERT JOYEUX;True
610;AVENUE EMMANUEL KANT;AVENUE EMMANUEL KANT;True
611;RUE KELLOG;;False
612;AVENUE ALEXANDRE MAISTRASSE;AVENUE ALEXANDRE MAISTRASSE;True
613;PLACE DE LA PAIX;PLACE DE LA PAIX;True
614;AVENUE DE L ABBE ST PIERRE;;False
615;PLACE DE STALINGRAD;PLACE DE STALINGRAD;True
616;AVENUE GUSTAVE STRESEMANN;AVENUE GUSTAVE STRESEMANN;True
617;AVENUE DE SULLY;AVENUE DE SULLY;True
618;AVENUE DU PRESIDENT WILSON;AVENUE DU PRESIDENT WILSON;True
